Rank,Reddit_subdirectory
1,princeton
2,mit
3,Harvard
4,stanford
5,yale
6,Caltech
7,duke
8,jhu
9,Northwestern
10,UPenn
11,Cornell
12,uchicago
13,BrownU
14,columbia
15,dartmouth
16,ucla
17,berkeley
18,riceuniversity
19,notredame
20,Vanderbilt
21,cmu
22,uofm
23,washu
24,Emory
25,georgetown
26,UVA
27,UNC
28,USC
29,UCSD
30,nyu
31,ufl
32,UTAustin
33,gatech
34,UCDavis
35,UCI
36,UIUC
37,bostoncollege
38,Tufts
39,UCSantaBarbara
40,uwmadison
41,BostonU
42,OSU
43,rutgers
44,UMD
45,URochester
46,Lehigh
47,Purdue
48,UGA
49,udub
50,wfu